[
  {
    "candidate_id":265,
    "anomaly_score":0.8944533432,
    "is_known_transit":1.0
  },
  {
    "candidate_id":311,
    "anomaly_score":0.8921333516,
    "is_known_transit":1.0
  },
  {
    "candidate_id":310,
    "anomaly_score":0.8903177941,
    "is_known_transit":1.0
  },
  {
    "candidate_id":264,
    "anomaly_score":0.8901135886,
    "is_known_transit":1.0
  },
  {
    "candidate_id":329,
    "anomaly_score":0.889269408,
    "is_known_transit":1.0
  },
  {
    "candidate_id":258,
    "anomaly_score":0.8885803187,
    "is_known_transit":1.0
  },
  {
    "candidate_id":279,
    "anomaly_score":0.888440665,
    "is_known_transit":1.0
  },
  {
    "candidate_id":309,
    "anomaly_score":0.8876472676,
    "is_known_transit":1.0
  },
  {
    "candidate_id":298,
    "anomaly_score":0.8876465524,
    "is_known_transit":1.0
  },
  {
    "candidate_id":266,
    "anomaly_score":0.887562033,
    "is_known_transit":1.0
  },
  {
    "candidate_id":295,
    "anomaly_score":0.8875578606,
    "is_known_transit":1.0
  },
  {
    "candidate_id":246,
    "anomaly_score":0.8871560061,
    "is_known_transit":1.0
  },
  {
    "candidate_id":248,
    "anomaly_score":0.8852072919,
    "is_known_transit":1.0
  },
  {
    "candidate_id":342,
    "anomaly_score":0.8850231135,
    "is_known_transit":1.0
  },
  {
    "candidate_id":253,
    "anomaly_score":0.8848766649,
    "is_known_transit":1.0
  },
  {
    "candidate_id":280,
    "anomaly_score":0.8847636247,
    "is_known_transit":1.0
  },
  {
    "candidate_id":247,
    "anomaly_score":0.884446975,
    "is_known_transit":1.0
  },
  {
    "candidate_id":277,
    "anomaly_score":0.8842740024,
    "is_known_transit":1.0
  },
  {
    "candidate_id":296,
    "anomaly_score":0.8842732871,
    "is_known_transit":1.0
  },
  {
    "candidate_id":327,
    "anomaly_score":0.8841034139,
    "is_known_transit":1.0
  }
]