﻿CategoryName,ParentCategory
Ansiktsserum,Ansikte
Ansiktsvård,Ansikte
Hudvård,Dermatologisk Hudvård
Makeup,Smink & Makeup
Makeup för ögon,Smink & Makeup
Ögonfransserum och ögonbrynsserum,Ansikte
Dermatologisk hudvård,Dermatologisk Hudvård
Hyaluronsyra-serum,Ansikte
Ansiktskräm,Ansikte
Hudbesvär,Hud
Nattkräm,Händer & Fötter
Torr hud,Hud
Förkylning och feber,Förkylning
Ont i halsen,Ansikte
Gurkmeja,Djur
Kost och hälsa,"Sår, bett och stick"
Kosttillskott,Vitaminer & Kosttillskott
Magnesium,Ansikte
Vitaminer och mineraler,Vitaminer & Kosttillskott
Läppvård,Hår
Dagkräm,Hår
Dagkräm med SPF,Hår
K-Beauty,Professionell Skönhet
Nyheter,Professionell Skönhet
Snail mucin serum,Allergimedicin
Ögonbryn,Förkylning
Solskydd SPF 50,Solskydd
Solskydd för ansikte,Ansikte
Solskydd och solkräm,Solskydd
Kuddar,Hud
"Sömn, stress och oro",Ansikte
Sömntillbehör,Hjälpmedel & Tillbehör
Deodorant,Djur
Kroppsvård,Hår
Feber,Feber & Värk
Huvudvärk,Hud
Muskelvärk,Feber & Värk
Ryggvärk och nackvärk,Ansikte
Tandvärk,Mun & Tänder
Värk,Feber & Värk
Ansiktsolja,Ansikte
Retinol-serum,Förkylning
Veganska produkter,Hem & Städprodukter
Akne,Smink & Makeup
Ansiktsrengöring,Ansikte
Ansiktstvätt,Ansikte
Hosta,"Sår, bett och stick"
Slemhosta,Vitaminer & Kosttillskott
Niacinamid-serum,Ansikte
Mensvärk,Feber & Värk
C-vitaminserum,Vitaminer & Kosttillskott
After sun,Hud
Insektsbett,Ansikte
Insektsbett och stick,"Sår, bett och stick"
Myggmedel,Hjälpmedel & Tillbehör
"Sår, bett och stick","Sår, bett och stick"
Brun utan sol,Förkylning
Brun utan sol-mousse,Djur
D-vitamin,Vitaminer & Kosttillskott
Barn och föräldrar,Barn & Förälder
Solskydd för barn,Solskydd
"AHA-, BHA- och PHA-syra",Hår
Exfoliering för ansiktet,Ansikte
Multivitamin,Djur
Bodylotion,Förkylning
Tvättlappar och våtservetter för barn,Hår
Premium hudvård,Hud
Deodoranter för män,Ansikte
Hudvård för män,Hud
Hem och hushåll,Hud
Inredning,Allergimedicin
Textilier,Mage & Tarm
Ansiktsvatten,Ansikte
Snuva och nästäppa,Hud
Duschkräm och -olja,Hår
Solskydd för kropp,Solskydd
Ärr & UV-skador,Djur
Förkylning hos barn,Förkylning
Ansiktsmask,Ansikte
Sheet mask,Hud
Ögonkräm,Ögon & Öron
Ögonmask,Ansikte
Eksem och klåda,Förkylning
Handkräm,Djur
Skadad och irriterad hud,Hud
Hudvård för barn,Hud
Mjukgörare,Ansikte
B-vitamin,Vitaminer & Kosttillskott
Folsyra,Solskydd
Rosacea och rodnad,Ansikte
Bad och dusch för barn,Hud
Presentaskar ,Professionell Skönhet
Presenttips,Vitaminer & Kosttillskott
Sminkborttagning,Hud
Brun utan sol för ansiktet,Ansikte
Febertermometrar,Hår
Badolja och badskum,Djur
Allergi,Allergimedicin
Rinnande och kliande näsa,Ansikte
Ansiktsborstar,Ansikte
Ansiktsvård för män,Ansikte
Choklad och godis,Förkylning
Julsmaker ,Ansikte
Mellanmål och snacks,Djur
Nikotinplåster,Ansikte
Sluta röka,Sluta röka
Oljerengöring,Djur
Baby & barn:,Mage & Tarm
Nattlampor,Dermatologisk Hudvård
Speldosor,Förkylning
Tvättlappar,Hår
Hjälpmedel & säkerhet:,Hjälpmedel & Tillbehör
Praktiska hjälpmedel,Hud
Potträning,Träning & Vikt
Barnleksaker,Ansikte
Nappflaskor & vällingflaskor,Feber & Värk
Snarkning,Hud
Hjälpmedel för barn,Hjälpmedel & Tillbehör
Energi och lust,Sex & Lust
Sex och lust,Sex & Lust
Nappflaskor för nyfödda,Ansikte
Ögon & öron:,Ögon & Öron
Ögonlappar,Förkylning
Ögonbesvär hos barn,Hår
Hårvård,Hår
Mjäll och torr hårbotten,Hår
Schampo,Hår
"Sår, bett & stick:","Sår, bett och stick"
Bandage,Feber & Värk
Förband,Barn & Förälder
Hudvård:,Hud
Hudkräm & bodylotion,Hud
Vitaminer & kosttillskott:,Vitaminer & Kosttillskott
Hormonell balans,Hår
Energi & fokus,Feber & Värk
Växtbaserade kosttillskott,Vitaminer & Kosttillskott
Immunförsvar,Hår
Välmående:,Hjälpmedel & Tillbehör
Superfood,Mat & Dryck
Mat & dryck:,Mat & Dryck
Kollagen,Ansikte
"Hud, hår & naglar",Hud
Förkylning:,Förkylning
Förebygg förkylning,Förkylning
Intimvård:,Intimvård
Prostatabesvär,Ansikte
Läkemedel,Hjälpmedel & Tillbehör
Mage & tarm:,Mage & Tarm
Gaser i magen,Smink & Makeup
Kosttillskott för mage,Vitaminer & Kosttillskott
Munvård:,Dermatologisk Hudvård
Dålig andedräkt,Ansikte
Jod,Hem & Städprodukter
Massageolja,Ansikte
Värk & feber:,Händer & Fötter
Halsspray,Hår
Elektronik:,Elektronik
Febertermometer,Ansikte
Vågar,Intimvård
Blodtrycksmätare,Ansikte
Zink,Smink & Makeup
Kroppsolja,Förkylning
C-vitamin,Vitaminer & Kosttillskott
Multivitamin för barn,Vitaminer & Kosttillskott
Omega-3 & fettsyror,Händer & Fötter
Mjölksyratabletter,Ansikte
Självtester,Mage & Tarm
Sex & lust:,Sex & Lust
Klamydiatest,Ansikte
Graviditet:,Ansikte
Kosttillskott för gravida,Vitaminer & Kosttillskott
Järn,Djur
Adventskalendrar,Ansikte
Matförgiftning,Förkylning
Reseförpackningar,Hud
Ansiktspeeling & ansiktsskrubb,Ansikte
Djuprengörande ansiktsmask,Ansikte
Handsvett,Ansikte
Antiperspirant,Ansikte
Fotsvett,Mat & Dryck
Förlossning,Hud
Analklåda,Djur
Hemorrojder,Djur
Analsprickor,Djur
Självtester & hjälpmedel,Feber & Värk
Naglar,Djur
Intimhygien,Intimvård
Intimtvätt efter förlossning,Hud
Torr & irriterad hud,Hud
Duschkräm & duschtvål,Hår
Babyolja,Förkylning
Duschtvål & duschkräm för barn,Hår
Skorv,Hjälpmedel & Tillbehör
Läppbalsam & läppskrubb,Djur
D-vitamin för barn,Vitaminer & Kosttillskott
Knottrig hud,Hud
Rengöring för akne,Smink & Makeup
Rengöringsgel,Förkylning
Serum för män,Händer & Fötter
Hyaluronsyraserum,Ansikte
Återfuktande serum,Ansikte
Serum,Mat & Dryck
Ansiktsvatten & toner,Ansikte
Handvård,Dermatologisk Hudvård
Torr & irriterad hud hos barn,Hud
Smink:,Smink & Makeup
Concealer,Professionell Skönhet
Hårvård:,Hår
Torr hårbotten,Hår
Rengöringsmousse,Hem & Städprodukter
Eksem & klåda,Sex & Lust
Eksem hos barn,Hår
Punktbehandling för akne,Smink & Makeup
Duscholja,Förkylning
Leder & muskler,Sex & Lust
Vätskeersättning,Elektronik
Rengöringsmjölk,Förkylning
Fotkräm,Mat & Dryck
Glidmedel & massageolja,Ögon & Öron
Sårtvätt för barn,Hår
BB & CC Cream,Ansikte
Torra slemhinnor,Hud
Niacinamidserum,Ansikte
Anti-age-serum,Djur
Solskydd för kroppen,Solskydd
Aknekräm,Allergimedicin
Handtvål,Dermatologisk Hudvård
Primer,Allergimedicin
Anti-age-ögonkräm,Djur
Ögonkräm mot mörka ringar & påsar,Förkylning
Brun utan sol för ansikte,Ansikte
Solskydd för läppar,Solskydd
Torrhosta och rethosta,Hår
Anti-age-kräm,Djur
Retinolserum,Förkylning
Ansiktsmist,Ansikte
Mjäll,Hjälpmedel & Tillbehör
Balsam,Dermatologisk Hudvård
Intim,Intimvård
Klimakteriebesvär,Ansikte
Läppglans,Vitaminer & Kosttillskott
Skäggvård,Hår
Solkräm för barn,Förkylning
Intimrakning,Hud
Raklödder & rakgel,Feber & Värk
Hudvårdskit,Hud
Bristningar,Djur
Återfuktande olja,Ansikte
Irriterad barnhud,Hud
Brun utan sol för kroppen,Barn & Förälder
Nagellacksborttagning,Ansikte
Solstift,Förkylning
Rosacea & rodnad,Ansikte
Psoriasis,Hjälpmedel & Tillbehör
Omega 3 och fettsyror,Ansikte
After sun för kroppen,Ansikte
Brun utan sol-spray,Djur
Micellärvatten,Ansikte
Duschtvål & bodylotion,Djur
Inkontinens,Mage & Tarm
Tandkräm,Mun & Tänder
Djur:,Djur
Sårvård för djur,Djur
Sårtvätt,Hår
Kompress,Hjälpmedel & Tillbehör
Sårsalva,Hår
Sömn,Smink & Makeup
Lugn & ro,Ögon & Öron
Rädsla & oro,Mat & Dryck
Foder & tillskott,Vitaminer & Kosttillskott
Aminosyror,Hem & Städprodukter
Covid-test,Hjälpmedel & Tillbehör
Ledvärk & artros,Ögon & Öron
Träning:,Träning & Vikt
Värmande & kylande,Barn & Förälder
Pollenallergi ,Allergimedicin
Simmaröra,Djur
Laktos,Elektronik
Matsmältningsenzymer,Djur
Öronbesvär hos barn,Hår
Vaxpropp,Hår
Torr i näsan,Hud
Nässpray,Hem & Städprodukter
Allergi:,Allergimedicin
Nässpray vid pollenallergi,Allergimedicin
Urinvägsinfektion test,Hud
Förstoppning,Sluta röka
Förstoppning hos barn,Sluta röka
Graviditetstest,Ansikte
Vårtor,Hår
Vårtmedel för barn,Hår
Munskydd,Solskydd
Engångshandskar,Ansikte
Babypuder & salvor,Hud
Badolja,Djur
Rengöringsolja,Förkylning
Vattkoppor,Dermatologisk Hudvård
Massage,Professionell Skönhet
Ärr & bristningar,Mage & Tarm
Hudkräm & ansiktskräm för barn,Hud
Feber hos barn,Feber & Värk
Till resan,Hud
Stödstrumpor,Djur
Ögon och öron,Ögon & Öron
Ögondroppar,Hår
Munblåsor,Solskydd
Insomningsbesvär,Hud
Tandsprickning,Hud
Tranbär,Vitaminer & Kosttillskott
Efter bett,"Sår, bett och stick"
Bett & stick hos barn,Sex & Lust
Munsår,Hår
Munskölj,Hud
Hushåll:,Hud
Doftljus & rumsdofter,Sex & Lust
Luftfuktare,Ansikte
Eteriska oljor,Djur
Rengöringsmedel,Förkylning
Första hjälpen,Barn & Förälder
Brännskador,Djur
Mage & tarm för djur,Djur
Kroppspeeling,Hud
Barnmat måltid,Djur
Pasta & ris,Mage & Tarm
Klämmisar,Hår
Barnmat mellanmål,Djur
Ansiktsskrubb,Ansikte
Gröt,Barn & Förälder
Läppbalsam för barn,Hår
Badskum för barn,Djur
Badsalt,"Sår, bett och stick"
Badskum & badbomb,Mage & Tarm
Schampo & balsam för barn,Hår
Barntandkräm,Barn & Förälder
Manuell tandborste,Mage & Tarm
Barntandborstar & tandtråd för barn,Mun & Tänder
Kalcium för barn,Barn & Förälder
Kalcium,Ansikte
Antihistamin vid pollenallergi,Allergimedicin
Pälsallergi,Allergimedicin
Måltidsersättningar,Djur
Viktkontroll:,Förkylning
Måltidsersättning,Djur
Dietbars,Vitaminer & Kosttillskott
Sportflaskor & shaker,Smink & Makeup
Bantningspiller & pulver,Feber & Värk
Menskopp,Hud
Växtbaserad dryck,Mat & Dryck
Funktionell dryck,Ansikte
E-vitamin,Vitaminer & Kosttillskott
Q10,Allergimedicin
A-vitamin,Vitaminer & Kosttillskott
Ögonvitaminer,Vitaminer & Kosttillskott
Detox,Elektronik
Te,Ansikte
Proteinpulver,Professionell Skönhet
"Olja, fett & smör",Feber & Värk
Kaffe,Ansikte
Kontaktallergi,Ansikte
Trosskydd,Solskydd
Ögonserum,Ögon & Öron
Binda,Dermatologisk Hudvård
Värktabletter,Ansikte
Nackvärk,Ansikte
Ryggvärk,Feber & Värk
Febernedsättande,Ansikte
Paracetamol,Ansikte
Migrän,Hem & Städprodukter
Paracetamol för barn,Ansikte
Värk hos barn,Hår
Febernedsättande för barn,Händer & Fötter
Betakaroten,Ansikte
Håraccessoarer,Hår
Duschtillbehör,Hår
Hårsnoddar & hårspännen,Hår
Nyponpulver,Hem & Städprodukter
Rengöringsservetter,Förkylning
Bomullspads,Solskydd
Ansiktsrollers,Ansikte
www.livsmedelsverket.se,Elektronik
Kuddar & dynor,Hud
Sovmasker & ögonkuddar,Hud
Hårvård för män,Hår
Doseringshjälpmedel,Hud
Ögonbrynspenna,Ögon & Öron
Ögonbrynsskugga & ögonbrynsgel,Ögon & Öron
Rengöringsbalm,Djur
Brun utan sol-lotion,Djur
Sminkborstar,Hud
Vaxning,Hem & Städprodukter
Hårborttagning ansikte,Ansikte
Bodybutter,Hem & Städprodukter
Hårborttagningskräm,Hår
Mjölksyrabakterier för barn,Ansikte
C-vitamin för barn,Vitaminer & Kosttillskott
24-timmarskräm,Djur
Återfuktande ansiktsmask,Ansikte
Handdesinfektion,Hud
Desinfektionsmedel,Hud
Värmeskydd,Solskydd
Hårspray & hårmousse,Hår
Inpackning & håroljor,Hår
Torrschampo,Hår
Hushållstillbehör,Hud
Stomi,Mage & Tarm
Röda & irriterade ögon,Hår
Torra ögon,Sluta röka
Mage,Mage & Tarm
Mjölksyrabakterier,Ansikte
Personvågar,Hår
Vårdhjälpmedel och säkerhet,Hår
Munvård för djur,Djur
Motion och hälsa,Hud
Ögon & öron för djur,Djur
Hudvård för djur,Djur
Selen,Solskydd
Simredskap,Hud
Håravfall,Hår
Lösögonfransar,Ögon & Öron
Pincetter,Intimvård
Nagelsax & nagelfil,Mage & Tarm
Jetlag,Dermatologisk Hudvård
Bitringar & bitleksaker,Träning & Vikt
Allergi hos barn,Allergimedicin
Övrig elektronik,Elektronik
Universalplåster,Vitaminer & Kosttillskott
Barnplåster,Ansikte
Rengöringskräm,Förkylning
Pälsdjursallergi och kvalsterallergi,Djur
Nattmask,Hud
Salicylsyrakräm,Djur
Lermask,Hud
Klåda i underlivet,Hud
Nagelolja,Ansikte
BB CC DD-Cream,Ansikte
Basmakeup,Smink & Makeup
Hårborstar,Hår
Akneserum,Ansikte
Peeling och skrubb,Hud
Ledbesvär och artros,Hår
Förhårdnader & sprickor,Hår
Ärr,Feber & Värk
Muntorrhet,Mun & Tänder
Ansiktsexfoliering,Ansikte
Skavsår,Hår
After sun för ansikte,Ansikte
Makeup för läppar,Smink & Makeup
Proteinbars,Professionell Skönhet
Ögonkräm för män,Ögon & Öron
Aloe vera,Feber & Värk
Avmaskning,Hud
Babyleksaker 0-6 månader,Djur
Badhanddukar för barn,Händer & Fötter
Gosedjur,Djur
Säker ute,Hud
Biltillbehör för barn,Hår
"Blåsor, sår och infektioner",Mage & Tarm
Mun och tänder,Mun & Tänder
Professionell hudvård,Hud
Från 3 år,Hår
Retinolkräm,Förkylning
Sterilisatorer för nappar & nappflaskor,Djur
Fotbad,Mat & Dryck
Bärsjalar & bärselar,Barn & Förälder
Necessärer,Hjälpmedel & Tillbehör
Hårborstar för barn,Hår
Sminkväskor,Hud
Solskydd SPF 30,Solskydd
Sportskydd & ledstöd,Solskydd
Diabetesstrumpor,Ansikte
Nättäcken & västar,Mage & Tarm
Djurtillbehör,Djur
Aftershave,Intimvård
Halstabletter,Ansikte
Halsont hos barn,Hud
Eye patches,Feber & Värk
Ögonkräm med retinol,Djur
Träningsredskap,Träning & Vikt
Yoga,Dermatologisk Hudvård
Rakhyvel och rakapparat,Hår
Raklödder och rakgel,Hår
Rakning och hårborttagning,Hår
Sporttejp & bandage,Mun & Tänder
Barntallrikar & barnbestick,Djur
Pipmuggar & glas,Sex & Lust
Proteinbar,Hem & Städprodukter
Proteindryck,Mat & Dryck
Tillbehör händer & fötter,Händer & Fötter
Fotfil,Vitaminer & Kosttillskott
Fotskrubb,Hud
Glutenfritt,Ansikte
Receptfria läkemedel för akne,Ansikte
Hårvård för barn,Hår
Linsvätska & linser,Sex & Lust
Fästingar & ohyra,Hud
Tillbehör hudvård,Hud
Inpackning och hårkurer,Hår
Tens & Massage,Ögon & Öron
Ashwagandha,Djur
Tandblekning,Hud
Tandborsthuvud,Hud
Rawfoodbars,Mat & Dryck
Energibars,Hår
Vibrator,Dermatologisk Hudvård
Lusthöjande,Ansikte
Penispumpar & penisringar,Hud
Riklig mens,Hud
Knipkulor,Djur
Rengöring,Förkylning
Brun utan sol-handske,Ansikte
Eltandborste,Djur
Halsbränna & sura uppstötningar,Djur
Diarré,Vitaminer & Kosttillskott
Diarré hos barn,Djur
Vätskeersättning för barn,Träning & Vikt
Kosttillskott för hjärta & kärl,Djur
Rosenrot,Barn & Förälder
K-vitamin,Vitaminer & Kosttillskott
Energigivande,Allergimedicin
BCAA,Barn & Förälder
Nattnappar,Djur
Nappar,Barn & Förälder
Nappar för nyfödda,Hår
Napphållare & nappfodral,Mat & Dryck
"Röda ögon, irriterade ögon, ögonskölj",Ögon & Öron
Hårfärg,Hår
Styling,Förkylning
Babyfiltar,Djur
Dregglisar,Djur
Snuttefiltar,Vitaminer & Kosttillskott
Haklappar,Hår
Tillbehör & förvaring,Hår
Bodymist,Förkylning
Näringsdryck och nutrition,Djur
Ansiktskräm för barn,Ansikte
Rakhyvlar,Hår
Rakblad,Förkylning
Setting spray,Hem & Städprodukter
Krom,Elektronik
Tvättmedel,Hjälpmedel & Tillbehör
Hårborttagning med vax,Hår
Hårborttagning,Hår
"Inkontinens, inkontinensskydd",Solskydd
Inkontinensskydd för kvinnor,Hud
Chips & popcorn,Barn & Förälder
"Torkad frukt, nötter & frön",Händer & Fötter
MSM,Sluta röka
Kariesförebyggande,Ansikte
Efter rakning,Hud
Ögonfransserum,Ansikte
Gua sha och jade rollers,Ansikte
Tandtråd & byglar,Djur
Fotsvamp,Mat & Dryck
Nageltrång,Ansikte
Sololja,Förkylning
Omega-3 för barn,Hår
Halstabletter vid hosta,Feber & Värk
Hosta hos barn,Hår
Hostmedicin,Allergimedicin
"Mjöl, gryn & bakmixer",Mage & Tarm
Solskydd för håret,Hår
Hårvax & gel,Hår
Örhängen,Barn & Förälder
Örhängen för barn,Händer & Fötter
Djurgodis & tuggben,Djur
Tandprotes,Hem & Städprodukter
Pälsvård,Hår
Myggbett,Mage & Tarm
Fästingbett,Hud
Klor & tassar,Mage & Tarm
Reflexer för barn,Feber & Värk
Analpluggar,Djur
Diskmedel,Hjälpmedel & Tillbehör
Sminkspeglar,Hud
Fruktdryck & bärdryck,Mat & Dryck
Kryddor & smaksättning,Djur
Febertermometer för barn,Ansikte
Skäggtrimmer,Hud
Händer och fötter,Händer & Fötter
Epilering & IPL,Träning & Vikt
Rakapparat,Hår
Hårtrimmer,Hår
Nässug,Elektronik
Från 6 år,Hår
"Skorv, vattkoppor och svinkoppor",Hud
Ögonbrynsserum,Ögon & Öron
Mascara,Intimvård
Parfym,Allergimedicin
Amning och matning,Hem & Städprodukter
Foundation,Mat & Dryck
Fot- och nagelsvamp,Ansikte
Fotvård,Intimvård
After Shave,Intimvård
Intimrakning och hårborttagning,Hår
Skäggolja,Förkylning
Rakhyvel för män,Ansikte
Ömma & såriga bröstvårtor,Hår
Aknepatches,Feber & Värk
Tuggummi och sugtabletter,Ansikte
Åksjuka,Djur
Barnkuddar & babykuddar,Hud
Urinvägsinfektion,Hud
Svamp i underlivet,Hud
Svamp,Mage & Tarm
"Gaser, orolig mage & IBS",Mage & Tarm
Amnings-BH,"Sår, bett och stick"
Badtillbehör,Hjälpmedel & Tillbehör
Badleksaker,Ansikte
Barnsäkra hemmet,Ansikte
Trosor efter förlossning,Hud
Amningsinlägg & amningskupor,Hud
Gravidbälten,Hår
Stödtrosor,Djur
Godis,Dermatologisk Hudvård
"Gröt, flingor & müsli",Förkylning
Tuggummi,Allergimedicin
Handdesinfektion & handsprit,Hud
Kvalsterallergi,Ansikte
Pollenallergi hos barn,Allergimedicin
Bröd,Intimvård
Kakor & kex,Smink & Makeup
"Bulgur, quinoa & couscous",Djur
Ägglossningstest,Hud
Magproblem,Hem & Städprodukter
Gua Sha,Dermatologisk Hudvård
Hudvårdsverktyg,Hud
Ögonbrynsfärgning & ögonfransfärgning,Ögon & Öron
IBS,Dermatologisk Hudvård
Skavsårsplåster,Hår
Tandprotes & bettskena,Hud
Tandköttsinflammation,Hud
Stylingverktyg,Förkylning
Kombucha,Hår
Vattenflaskor & termosar,Mage & Tarm
Animalier,Djur
Färgat nagellack,Ansikte
Nagelförstärkare,Ansikte
Bas- & topplack,Ansikte
Kosttillägg,Vitaminer & Kosttillskott
Choklad,Barn & Förälder
Magsjuka,Djur
Hundbajspåsar,Hud
Sveda i underlivet,Hud
Vattenflaskor för barn,Ansikte
Barnvagnstillbehör,Hår
Skötbordsunderlägg,Hud
Amningskuddar,Hud
Dinappar,Barn & Förälder
Spädbarnskolik,Ansikte
Flaskborstar,Ansikte
Vällingdoserare,Ansikte
Batterier,Allergimedicin
Batteri till hörapparater,Hår
Kondomer,Hem & Städprodukter
Nagelsvamp,Ansikte
Mellanrumsborstar,Djur
Tandpetare,Ansikte
Bomull & bomullspinnar,Hud
Skötväskor & skötbäddar,Hår
Akut p-piller,Hjälpmedel & Tillbehör
Tampong,Sluta röka
Rakgel & efter rakning,Hud
Bröstpumpar,Hår
Tillbehör för amning,Förkylning
Välling,Hem & Städprodukter
Eyeliner & kajal,Feber & Värk
Läppstift,Hud
Läppenna,Hem & Städprodukter
Puder & Rouge,Hud
Highlighter,Hår
Ögonskugga,Hud
Bronzer,Barn & Förälder
Nagellack,Professionell Skönhet
"Socker, sirap & honung",Ansikte
Fluorskölj & fluortabletter för barn,Sex & Lust
Tåskydd,Solskydd
Tillskottsnäring,Vitaminer & Kosttillskott
Leksaker,Ansikte
Barnböcker,Barn & Förälder
Babytillbehör,Hjälpmedel & Tillbehör
Nässpray för barn,Hår
Nagelvård för barn,Hår
Ibuprofen för barn,Ansikte
Bindor efter förlossning,Hud
Halsbränna vid graviditet,Ansikte
Badkläder för barn,Händer & Fötter
UV-dräkt,Djur
Badblöja,Sluta röka
UV-hatt,Hår
UV-tält,Mun & Tänder
Solglasögon för barn,Ögon & Öron
Hallux valgus,Sex & Lust
Hälsporre,Hjälpmedel & Tillbehör
Lusmedel & lusschampo,Sex & Lust
Iläggssulor,Djur
Kalium,Djur
Gluten,Sex & Lust
Blåmärken & svullnad,Förkylning
Brandvarnare,Ansikte
Våtservetter,Händer & Fötter
Blöjor,Djur
Ibuprofen,Sluta röka
Smaknappar,Dermatologisk Hudvård
Djurleksaker,Djur
Näsdukar,Hår
Fotmask,Hud
Handmask,Djur
Blöjpåsar & blöjhinkar,Hud
Magdroppar,Djur
Ögondroppar vid pollenallergi,Ögon & Öron
Kirurgtejp,Djur
Vetekuddar,Hud
Spel,Elektronik
Svinkoppor,Hud
Bröstvärmare,Ansikte
Menstrosa,Elektronik
Babynests,Ansikte
Bäddset för barn,Hår
Andningslarm,"Sår, bett och stick"
Nässpray och tabletter,Ansikte
Modersmjölksersättning,Djur
Barndryck,Mat & Dryck
Sluta röka:,Sluta röka
Nikotintuggummi,Ansikte
Nikotin spray,Hud
Nikotin sugtablett,Ansikte
Böcker,Ansikte
Mollusker,Hem & Städprodukter
Zink för barn,Hår
Eltandborstar för barn,Barn & Förälder
Träningskläder,Djur
Näsdroppar,Hår
Babymonitor & babyvakt,Träning & Vikt
Läsglasögon,Professionell Skönhet
Proteinpudding,Hud
Springmask,Djur
Öronproppar,Hår
UV-kläder för barn,Händer & Fötter
UV-tröja,Sluta röka
UV-skor,Hud
Skallror,Allergimedicin
Barn & Förälder,Barn & Förälder
Babyprodukter,Hem & Städprodukter
Blöjor & Våtservetter,Mun & Tänder
Elektronik,Elektronik
Barnprodukter,Hem & Städprodukter
Amma & Mata,Mage & Tarm
Nappflaskor & Tillbehör,Hår
Djur,Djur
Hundgodis & tuggben,Hud
Vitaminer & Kosttillskott,Vitaminer & Kosttillskott
Sex & Lust,Sex & Lust
Ökad sexlust,Sex & Lust
Stärkande & Uppiggande,Ansikte
Veganskt,Ansikte
Intimvård,Intimvård
PMS,Hjälpmedel & Tillbehör
Vitaminer,Vitaminer & Kosttillskott
Mineraler,Vitaminer & Kosttillskott
Multimineral,Djur
Feber & Värk,Feber & Värk
Hälsa,Hjälpmedel & Tillbehör
Hjälpmedel & Tillbehör,Hjälpmedel & Tillbehör
Träning & Vikt,Träning & Vikt
"Våg, personvåg",Hud
Diabetes,Ansikte
Förkylning,Förkylning
Förebygg & Lindra,Ansikte
Ont i halsen medicin och halstabletter,Allergimedicin
Urinvägar,Hud
Ekologiskt,Dermatologisk Hudvård
Mat & Dryck,Mat & Dryck
Smaksättning & Sötning,Träning & Vikt
Kryddor & buljong,Ögon & Öron
Mage & Tarm,Mage & Tarm
Magen i trim,Mage & Tarm
Receptfritt mot IBS & gaser i magen,Hjälpmedel & Tillbehör
Ögon & Öron,Ögon & Öron
Torra & Irriterade ögon,Mage & Tarm
Dryck,Mat & Dryck
Te & Kaffe,Feber & Värk
Kollagen – tillskott för huden,Hud
"Kosttillskott för Hår, Hud & Naglar",Hud
Muskler & Leder,Sex & Lust
Magnesium och magnesiumtillskott,Ansikte
"Sömn, Stress & Oro",Ansikte
Omega 3 & Fettsyror,Händer & Fötter
Kosttillskott för ögon,Vitaminer & Kosttillskott
Hjärta & Kärl,Djur
För magen,Ansikte
"C-vitamin, Vitamin C",Vitaminer & Kosttillskott
För barn,Barn & Förälder
Vitaminer & Hälsokost,Vitaminer & Kosttillskott
Barnvitaminer,Vitaminer & Kosttillskott
Nikotintuggummin,Ansikte
Självtest,Hjälpmedel & Tillbehör
Graviditet,Ansikte
Bli gravid,Hår
Intimtvätt,Intimvård
Intimservetter,Intimvård
Bröstvård,Hår
Hud,Dermatologisk Hudvård
Spikmatta,Ansikte
Hållning & Balans,Hår
Handgrips,Barn & Förälder
Återhämtning,Träning & Vikt
Medicinboll,Allergimedicin
Träningsband & Gummiband,Träning & Vikt
Hopprep,Barn & Förälder
Deodorant & antiperspirant,Djur
Kroppsvård för män,Hår
Deodorant herr,Hår
Händer & Fötter,Händer & Fötter
Hand- & Fotsvett,Händer & Fötter
Ansikte,Ansikte
Blodsockermätare,Ansikte
Intimtvål,Intimvård
MEDS tipsar!,Mage & Tarm
Hundra under 100:-,Hud
Rengöringsskum,Förkylning
Hudolja,Hud
Smink & makeup,Smink & Makeup
Bad & Dusch,Hjälpmedel & Tillbehör
Hår,Hår
Torra händer,Djur
Bas,Barn & Förälder
Ansiktskräm för män,Ansikte
Anti-age,Djur
Hudkräm & Body lotion,Hud
Rengöringscreme,Solskydd
Eksem & Utslag,Sex & Lust
Sugtabletter med nikotin,Allergimedicin
Obalans i underlivet,Hud
Glidmedel,Hjälpmedel & Tillbehör
Solskydd,Solskydd
Läppar,Hår
Läppbalsam med SPF,Smink & Makeup
Ansiktsrengöring för män,Ansikte
"Mjäll, mjällschampo",Hår
BB-Cream & CC-Cream,Ansikte
"Fotkräm, torra fötter",Händer & Fötter
Rengöring & duschgel för män,Träning & Vikt
Nagelvård,Hår
Nagellacksremover,Ansikte
Rosacea – receptfria krämer och hudvård,Hud
Solskydd för ansiktet,Ansikte
Solskydd och solkräm för kroppen,Solskydd
Läppbalsam,Dermatologisk Hudvård
Intimolja,Djur
Presentförpackningar,Hud
Massageoljor,Ansikte
Hudkräm för män,Hud
"Sår, Bett & Stick","Sår, bett och stick"
Sårrengöring,Hår
Insektsbett – salva och lindring,Ansikte
Solskador,Solskydd
Allergimedicin,Allergimedicin
Allergitabletter,Allergimedicin
Mun & Tänder,Mun & Tänder
Medicin mot pollenallergi,Allergimedicin
Reflexväst hund,Hud
Populärt i virustider,Djur
Engångsmunskydd,Solskydd
Svarta munskydd ,Solskydd
Idrottsskador,Djur
Nackvärk & Ryggvärk,Feber & Värk
Värktabletter och lindring vid mensvärk,"Sår, bett och stick"
Nässpray mot nästäppa & rinnsnuva,Mage & Tarm
Nässpray vid allergi,Allergimedicin
Laktosintolerans – test & tabletter,Hud
Hårborstar och tillbehör,Hår
Öronbesvär,Feber & Värk
Magbesvär hos barn,Ansikte
Förstoppning barn,Sluta röka
Förhårdnader & Vårtor,Hår
Sömnhjälpmedel,Hjälpmedel & Tillbehör
"Ögonmask, sovmask",Hud
Tandborstar,Djur
"Fästingar, löss & loppor",Hud
Afte & Blåsor i munnen,Sex & Lust
Tandvård för barn,Hår
Bra att ta som vegan,Mage & Tarm
B12-tillskott och tabletter,Mage & Tarm
Hem & Städprodukter,Hem & Städprodukter
Doftljus & doftpinnar,Djur
Veganskt proteinpulver,Ansikte
Munskydd barn,Solskydd
Professionell Skönhet,Professionell Skönhet
Förband & Bandage,Mun & Tänder
Kompresser,Professionell Skönhet
Första Hjälpen Kit,Ansikte
Ändtarmsbesvär,Djur
Hemorrojder – salva och stolpiller,Djur
Bärsjalar,Hår
Barnmat,Barn & Förälder
Mellanmål,Djur
Måltid,Förkylning
Fett & Olja,Feber & Värk
Gå ner i vikt,Vitaminer & Kosttillskott
Bars,Barn & Förälder
Shakers & Vattenflaskor,Händer & Fötter
Mens,Händer & Fötter
Probiotika & Mjölksyrabakterier,Ansikte
Ämnesomsättning,Vitaminer & Kosttillskott
Järntabletter och järntillskott,Vitaminer & Kosttillskott
Gravida & Ammande,Mage & Tarm
Dämpa sötsug,Ansikte
Energitillskott,Vitaminer & Kosttillskott
L-Lysin,Hud
Juice & Detox,Vitaminer & Kosttillskott
Bindor,Djur
Huvudvärkstabletter,Hud
Receptfria migräntabletter & Migränmedicin,Feber & Värk
Dosett och tablettdelare,Intimvård
Hårborttagning & Rakning,Hår
Vaxremsor,Hjälpmedel & Tillbehör
Ögonbrynsgel,Ögon & Öron
Professionell Hårvård,Hår
Hårspray,Hår
Silverschampo,Hud
Saltvattenspray,Ansikte
Hårinpackning,Hår
Borstar,Hår
Hårolja,Hår
Magproblem hos djur,Djur
Ögon- och öronbesvär hos djur,Djur
Ögon,Ögon & Öron
Antioxidanter,Ansikte
Leave-in,Hem & Städprodukter
Kroppsskrubb & Kroppspeeling,Hud
"Huvudlöss, hårlöss ",Hår
Lusmedel,Hjälpmedel & Tillbehör
Bröd & Pasta,Barn & Förälder
Vassleprotein,Elektronik
Pulverboost,Mat & Dryck
Kaseinprotein,Hud
PWO,Hem & Städprodukter
Lugnande ansiktsmask,Ansikte
Sexleksaker,Ansikte
Vibrator & G-punktsvibrator,Hud
Analt,Barn & Förälder
Penispump & Penisringar,Hud
Dildo & Massagestav,Hjälpmedel & Tillbehör
Stress och oro,"Sår, bett och stick"
Babyfiltar & Gosedjur,Djur
Barnkläder & Accessoarer,Ansikte
Handdukar & Badcapes,Feber & Värk
Böcker & Pockets,Feber & Värk
Bärselar,Hår
Barnservis,Ansikte
Värmeverktyg för hår,Hår
Locktång,Sluta röka
Värmeborste,Hem & Städprodukter
Hårfön,Hår
Retinol,Vitaminer & Kosttillskott
Ansiktsmask för pormaskar,Ansikte
Kinesiotejp,Hud
Linsvätska,Hud
Amningskudde,Hud
Tandblekning – bleka tänderna hemma,Hud
Eltandborstar,Djur
Kattgodis & kattgräs,Ögon & Öron
Nyttigt godis & Snacks,Ögon & Öron
Sminktillbehör,Hud
Sminkborstar & sminksvampar,Hud
Impotens,Allergimedicin
Rengöring och tvätt,Träning & Vikt
Klitorisstimulerare,Intimvård
Vätskeersättning barn,Elektronik
Granola & Müsli,Hud
Energidryck,Allergimedicin
Pollen,Vitaminer & Kosttillskott
Q-10,Allergimedicin
L-Glutamin,Hud
Ljus- & Elektroterapi,Elektronik
Luskam,Sex & Lust
Inomhusklimat,Hud
Elektrisk fotfil & fotvård,Elektronik
Hörapparat,Hår
Babyvakt,Professionell Skönhet
Massagepistol,Förkylning
Nagelfilar,Ansikte
Ansiktsrengöringsborste,Ansikte
Muskelstimulator,Intimvård
Plattång,Hem & Städprodukter
Nappar & Bitringar,Mage & Tarm
Napphållare,Hår
Bitringar,Vitaminer & Kosttillskott
Sår & förband,Hår
Rakhyvlar & Rakblad,Barn & Förälder
"Nötter, Frön & Torkade Frukter",Feber & Värk
Kokosolja,Förkylning
Mjöl & Gryn,Barn & Förälder
Naturgodis,Elektronik
Bakning,Hud
Såser & dressing,Hud
Medicin mot bihåleinflammation,Hår
Hårmousse,Hår
Hårvax,Hår
Ansiktsroller,Ansikte
Hygienartiklar,Djur
Myggmedel & Fästingmedel,Hud
Aminings-BH,"Sår, bett och stick"
Reflexer & reflexvästar,Feber & Värk
Kampanjer,Vitaminer & Kosttillskott
Relationspoddens Favoriter!,Ansikte
Äppelcidervinäger,Ansikte
Rakapparat & Epilator,Ögon & Öron
Rethosta och torrhosta,"Sår, bett och stick"
Pincett,Dermatologisk Hudvård
Pennvässare,Ansikte
Tassar & Klor,Vitaminer & Kosttillskott
Gåstavar,Hår
Hårsnoddar,Hår
Hårspännen & klämmor,Hår
Hårband & diadem,Hår
Förgiftning,Förkylning
Skydd & Stöd,Solskydd
Amningsinlägg,Djur
Hampaprotein och hampafrön,Barn & Förälder
Chiafrön,Hår
Ögondroppar vid allergi,Ögon & Öron
Chips,"Sår, bett och stick"
Kontaktlinser,Mage & Tarm
Tandkräm mot ilningar i tänderna,Mun & Tänder
Ögonbrynsfärg ,Ögon & Öron
Svullna Fötter,Händer & Fötter
Plåster,Sex & Lust
Skavsår & Blåsor,Hår
Munsår & Herpes,Hår
Plumper,Hud
Mellanrumsrengöring,Solskydd
Mellanrumsborste,Djur
Termosar,Hår
Bryn- och ögonfransserum,Ansikte
Intimdeodorant,Intimvård
Tamponger,Vitaminer & Kosttillskott
Ögonfransböjare,Ögon & Öron
Ansiktsmask för finnar,Ansikte
Kylprodukter,Hem & Städprodukter
Termosar & Matlådor,Djur
Solglasögon,Professionell Skönhet
Babynest,Ansikte
Skötväska,Hud
Skötbäddar,Hår
Ögondroppar mot röda ögon,Ögon & Öron
Test för glutenintolerans,Ansikte
Tillbehör,Hjälpmedel & Tillbehör
Tungskrapor,Hud
Tandtråd,Djur
L-Arginin,Hem & Städprodukter
Dagen efter piller,Mage & Tarm
Necessär,Hjälpmedel & Tillbehör
Sötning,"Sår, bett och stick"
Skoinlägg,Hud
Rouge,Hår
Puder,Hud
Lösnaglar,Djur
Gel & Liniment,Hem & Städprodukter
Smartklocka & Aktivitetsarmband,Mage & Tarm
Kokosvatten,Ansikte
Näringsdrycker,Ansikte
Kolik,Dermatologisk Hudvård
Nagelsaxar,Ansikte
Riskakor & Majskakor,Smink & Makeup
Fästingmedel,Hud
Handledsskydd,Solskydd
Ryggskydd,Solskydd
Fotledsskydd,Solskydd
Knäskydd,Solskydd
Beta-alanin,Hem & Städprodukter
Ginseng,Hud
Glasögon,Professionell Skönhet
Bronzer & Solpuder,Hud
Nöt- & Mandelsmör,Ansikte
Kisel,Träning & Vikt
Snarkskena,Hud
Snarkspray,Hud
Blåmärken & Åderbråck,Mun & Tänder
Halskragar & Skydd,Solskydd
Matcha,Intimvård
Avmaskning häst,Hud
Avmaskning hund,Hud
Avmaskning katt,Hud
Blöjhinkar & refill,Barn & Förälder
Munhålepulver,Hår
Hårolja och stylingkräm,Hår
Naturliga och nyttiga snacks,Ansikte
Ömma och såriga bröstvårtor,Hår
Djurvård,Djur
Häst,"Sår, bett och stick"
Kosttillskott till djur,Djur
Erbjudanden / Webbpriser,Hud
Kosttillskott & vitaminer / Kosttillskott för alla tillfällen / Kollagen,Vitaminer & Kosttillskott
"Kosttillskott & vitaminer / Kosttillskott för alla tillfällen / Hår, hud och naglar",Hud
Erbjudanden / Webbunikt sortiment / Kosttillskott & näring,Vitaminer & Kosttillskott
Kosttillskott & vitaminer / Vitaminer & mineraler / Multivitamin,Vitaminer & Kosttillskott
Erbjudanden / Webbunikt sortiment,Hud
Kosttillskott & vitaminer / Kosttillskott för alla tillfällen / Kvinna,Vitaminer & Kosttillskott
Kosttillskott & vitaminer / Vitaminer & mineraler / D-vitamin,Mun & Tänder
Kosttillskott & vitaminer / Kosttillskott för alla tillfällen / Fokus,Vitaminer & Kosttillskott
Kosttillskott & vitaminer / Kosttillskott för alla tillfällen / Energi och sport,Vitaminer & Kosttillskott
Kosttillskott & vitaminer / Kosttillskott för alla tillfällen / Immunsystemet,Vitaminer & Kosttillskott
Kosttillskott & vitaminer / Vitaminer & mineraler / Magnesium,Vitaminer & Kosttillskott
Allergi / Matöverkänslighet,Allergimedicin
Mage / Mjölksyrabakterier,Mage & Tarm
Kosttillskott & vitaminer / Kosttillskott för alla tillfällen / Mjölksyrabakterier,Vitaminer & Kosttillskott
Erbjudanden / Webbunikt sortiment / Mage,Hud
Kosttillskott & vitaminer / Kosttillskott för alla tillfällen / Omega 3,Vitaminer & Kosttillskott
Kosttillskott & vitaminer / Vitaminer & mineraler / C-Vitamin,Mun & Tänder
Erbjudanden / Webbunikt sortiment / Baby & barn,Hud
Baby & barn / Mat & kosttillskott / Kosttillskott,Vitaminer & Kosttillskott
Speciellt för / Krasslig,Förkylning
Erbjudanden / Webbunikt sortiment / Hud & hår,Hud
"Hår / Hårvård / Kosttillskott hår, hud och naglar",Hud
Kosttillskott & vitaminer / Vitaminer & mineraler / Zink,Mun & Tänder
Fotvård / Fotsvett,Hår
Hud / Kroppsvård / Deodorant,Hud
Handvård / Handsvett,Hår
Erbjudanden / Medlemserbjudanden,Hud
Ansikte / Ansiktsvård / Serum,Ansikte
Erbjudanden / Nyheter / Ansikte,Ansikte
Ansikte / Ansiktsvård / Ansiktskräm,Ansikte
Ansikte / Ansiktsvård / Dagkräm,Ansikte
Hud / Hudbesvär / Torr hud och eksem,Hud
Ansikte / Ansiktsvård / Age care,Ansikte
Tahini,Vitaminer & Kosttillskott
Kakao,Sluta röka
Broddar och halkskydd till skor,Solskydd
Lusschampo,Hår
Fotfilar,Hår
Ansikte / Ansiktsvård / Ansiktsolja,Ansikte
Ansikte / Ansiktsvård för män,Ansikte
Ansikte / Ansiktsvård / Nattkräm,Ansikte
Ansikte / Ansiktsvård / Ansiktsvård klimakteriet,Ansikte
Hud / Kroppsvård / Hudkräm & body lotion,Hud
Erbjudanden / Webbunikt sortiment / Ansikte,Ansikte
Hud / Kroppsvård / Intimvård,Hud
Intim / Intimhygien / Intimtvätt,Intimvård
Gravid / Underlivet,Hud
Speciellt för / Tonåring / Finnar & akne,Hår
Ansikte / Ansiktsvård / Ansiktsrengöring,Ansikte
Ansikte / Hudbesvär / Finnar och pormaskar,Ansikte
Hud / Kroppsvård / Duscholja,Hud
Ansikte / Ansiktsvård / Ögonkräm,Ansikte
Ansikte / Hudbesvär / Rosacea,Ansikte
Gravid / Hud & hår,Hud
Ansikte / Ansiktsvård / Ansiktsvatten & toners,Ansikte
Ansikte / Ansiktsvård / Läppbalsam,Ansikte
Ansikte / Ansiktsvård / Ansiktsskrubb,Ansikte
Hår / Hårbesvär / Torr och känslig hårbotten,Hår
Ansikte / Ansiktsvård / Brun utan sol,Ansikte
Sol / Brun utan sol / Ansikte,Ansikte
Speciellt för / Tonåring / Närmast kroppen,Hår
Hår / Hårbesvär / Mjäll,Hår
Apotekets jul / Presentaskar,Barn & Förälder
"Hud / Kroppsvård / Duschtvål, kräm & scrub",Hud
Hud / Kroppsvård för män / Deodorant,Hud
Hud / Kroppsvård för män / Rengöring & hudkräm,Hud
Hår / Hårvård för män,Hår
Hud / Hudbesvär / Psoriasis,Hud
Sol / Brun utan sol,Djur
Hud / Kroppsvård / Brun utan sol,Hud
Hälsa & levnadsvanor / Inför resan,Ögon & Öron
Intim / Intimhygien / Intimservetter,Intimvård
Ansikte / Ansiktsvård / Solskydd,Ansikte
Sol / Solskydd / För ansikte,Ansikte
Sol / Solskydd / SPF 30,Solskydd
Allergi / Kontaktallergi,Allergimedicin
Hår / Hårvård / Schampo,Hår
Erbjudanden / Outlet,Hud
Erbjudanden / Nyheter / Hud & hår,Hud
Hud / Kroppsvård för män / Kroppsvårdspaket för män,Hud
Sol / After sun,Vitaminer & Kosttillskott
Hår / Hårvård / Balsam,Hår
Intim / Underlivsbesvär / Torra slemhinnor,Hud
Intim / Intimhygien / Intimkräm,Intimvård
Intim / Klimakteriet / Torra slemhinnor klimakteriet,Ansikte
Sol / Solskydd för barn,Solskydd
Speciellt för / Barn,Förkylning
Baby & barn / Solskydd för barn,Solskydd
Handvård / Handkräm,Hår
Hud / Hudvårdspaket,Hud
Speciellt för / Baby,Förkylning
Ansiktstillbehör & Verktyg,Ansikte
MEDSommar,Hår
Chlorella,Förkylning
Laktosintolerans,Hud
Matöverkänslighet,Ansikte
Vetekudde,Hud
Sol / Solskydd / För kroppen,Solskydd
Sol / Solskydd / Spray,Solskydd
Hud / Kroppsvård / Solskydd,Hud
Kosttillskott & vitaminer / Vitaminer & mineraler / B-vitamin,Mun & Tänder
Handvård / Tvål,Hår
Gravid / Kosttillskott,Vitaminer & Kosttillskott
Kosttillskott & vitaminer / Kosttillskott för alla tillfällen / Gravid,Vitaminer & Kosttillskott
Erbjudanden / Webbunikt sortiment / Gravid,Hud
Sex & lust / Glidmedel,Sex & Lust
Intim / Klimakteriet / Lust och energi klimakteriet,Sex & Lust
Kosttillskott & vitaminer / Kosttillskott för alla tillfällen / Senior,Vitaminer & Kosttillskott
Sol / Solskydd / Läppar,Solskydd
Sol / Solskydd / Solstift,Solskydd
Fotvård / Fotkräm,Hår
Sol / Solskydd / SPF 50,Solskydd
Intim / Intimhygien / Intimrakning,Hud
Hud / Kroppsvård / Rakning & hårborttagning,Hud
Intim / Intimhygien / Intimolja,Djur
Hud / Hudbesvär / Finnar & pormaskar,Hud
Ansikte / Ansiktsvård för män / Ansiktsrengöring för män,Ansikte
Ansikte / Ansiktsvård / Face mist,Ansikte
Hud / Hudbesvär / Akne,Hud
Ansikte / Hudbesvär / Akne,Ansikte
Sol / Solskydd / Mousse,Solskydd
Erbjudanden / Webbunikt sortiment / Hälsa & levnadsvanor,Hud
Erbjudanden / Nyheter / Hälsa & levnadsvanor,Hud
Hälsa & levnadsvanor / Hem & Spa / Till kroppen,Ögon & Öron
Hälsa & levnadsvanor / Träning / Träningsvärk,Träning & Vikt
Värk / Ryggvärk & nackvärk,Feber & Värk
Värk / Ledbesvär & artros,Ögon & Öron
Värk / Tennisarmbåge & musarm,Mage & Tarm
Förkylning & feber / Feber,Förkylning
Värk / Tandvärk,Djur
Värk / Migrän,Hår
Förkylning & feber / Influensa,Förkylning
Värk / Huvudvärk,Hud
Värk / Mensvärk,Feber & Värk
Mjölkersättning,Elektronik
Antihistamin,Djur
Illamående & åksjuka,Ögon & Öron
Nikotinspray,Hud
Nikotin portionspåsar,Hud
Erbjudanden / Webbunikt sortiment / Värk,Hud
Förkylning & feber / Snuva & nästäppa,Förkylning
Förkylning & feber / Bihåleinflammation,Förkylning
Erbjudanden / Nyheter / Värk,Feber & Värk
Apotekets jul / Julens smaker,Ansikte
Kosttillskott & vitaminer / Övrigt / För mat och bak,Mun & Tänder
Mage / Halsbränna,Mage & Tarm
Intim / Klimakteriet / Vallningar och svettningar klimakteriet,Ansikte
Hud / Hudbesvär,Hud
"Sår, bett & stick / Ärr & UV-skador","Sår, bett och stick"
Hud / Hudbesvär / Ärr & UV-skador,Hud
Speciellt för / Tonåring / För ansiktet,Ansikte
"Mage / Gaser, orolig mage & IBS",Mage & Tarm
Baby & barn / Mage / Förstoppning & hård mage,Hår
Mage / Förstoppning / Hård mage hos barn,Hår
Ögon & öron / Simmaröra,Ögon & Öron
Kosttillskott & vitaminer / Vitaminer & mineraler / Järn,Mun & Tänder
Specialsortiment / Självtester,Allergimedicin
Mage / Laktosintolerans,Hud
Allergi / Matöverkänslighet / Laktosintolerans,Hud
Hälsa & levnadsvanor / Träning / Sportskador & skydd,Träning & Vikt
Förkylning & feber / Snuva & nästäppa / Näsblod & torra slemhinnor,Förkylning
Gravid / Bli gravid / Graviditetstest,Ansikte
Erbjudanden / Nyheter / Hjälpmedel & säkerhet,Hjälpmedel & Tillbehör
Intim / Graviditetstest,Ansikte
Specialsortiment / Självtester / Graviditet & fertilitet / Graviditetstest,Händer & Fötter
Baby & barn,Barn & Förälder
Ögon & öron / Vaxpropp,Ögon & Öron
Erbjudanden / Nyheter / Mage,Hud
Fotvård / Fotvårtor,Hår
Erbjudanden / Nyheter / Fotvård,Hår
Handvård / Vårtor på händerna,Hår
Erbjudanden / Nyheter / Handvård,Hår
Mage / Förstoppning,Mage & Tarm
Växtbaserad mjölk,Ansikte
"Sår, bett & stick / Insektsbett","Sår, bett och stick"
Djur / Hund / Leder hos hund,Djur
Djur / Katt / Fodertillskott för katt,Djur
Djur / Katt / Mun & tänder hos katt,Djur
Djur / Hund / Fodertillskott för hund,Djur
Djur / Hund / Mun & tänder hos hund,Djur
Djur / Häst / Leder hos häst,Djur
Djur / Häst / Fodertillskott för häst,Djur
Ögongel,Professionell Skönhet
Baby & barn / Hud & hår,Hud
Baby & barn / Lek & present,Barn & Förälder
Mun & tänder / Tandborstar / Tandborstar,Mun & Tänder
Baby & barn / Tandvård,Hår
Mun & tänder / Tandkräm,Mun & Tänder
Baby & barn / Våra baby- & barnpaket,Hår
Erbjudanden / Paketerbjudanden,Hud
Kosttillskott & vitaminer / Kosttillskott för alla tillfällen / Q10,Vitaminer & Kosttillskott
Intim / Mens / Bindor,Djur
Intim / Mens / Trosskydd,Solskydd
Intim / Mens / Riklig mens,Intimvård
Baby & barn / Förkylning & feber / Feber,Förkylning
Förkylning & feber / Förkylning hos barn / Feber,Förkylning
Fästinghalsband,Hud
Klippmaskin,Hud
Mask i magen,Hud
Medicin mot springmask för barn,Barn & Förälder
Spirulina,Hud
Vetegräs,Vitaminer & Kosttillskott
Acai,Ansikte
Gravid / Nästäppa,Hår
Allergi / Pälsdjursallergi & kvalsterallergi,Djur
Allergi / Pollenallergi / Allergitabletter vid pollenallergi,Allergimedicin
Allergi / Pollenallergi / Nässpray vid pollenallergi,Allergimedicin
"Sömn, stress & oro / Trötthet",Ögon & Öron
Allergi / Allergi hos barn,Allergimedicin
Baby & barn / Allergi,Barn & Förälder
Förkylning & feber / Hosta,Förkylning
Baby & barn / Förkylning & feber / Hosta,Förkylning
Förkylning & feber / Förkylning hos barn / Hosta,Förkylning
Fotvård / Fotsvamp,Hår
Hud / Hudbesvär / Utslag i ljumsken,Hud
Förkylning & feber / Övriga förkylningsprodukter,Förkylning
Förkylning & feber / Ont i halsen,Förkylning
Förkylning & feber / Förkylning hos barn / Snuva & nästäppa,Förkylning
Baby & barn / Förkylning & feber / Snuva & nästäppa,Förkylning
Sex & lust / Dagen efter piller,Sex & Lust
Mage / Magsjuka & diarré,Mage & Tarm
Ögon & öron / Torra ögon,Ögon & Öron
Allergi / Pollenallergi / Ögondroppar vid pollenallergi,Allergimedicin
Hår / Apoliva Haircare,Hår
Hår / Hårstyling / Hårspray,Hår
Speciellt för / Tonåring / För håret,Hår
Ansikte / Ansiktsvårdspaket,Ansikte
Ansikte / Apoliva / Apoliva Age Care,Ansikte
Smink & smycken / Smink & makeup / Foundation,Smink & Makeup
Ansikte / Apoliva / Apoliva Original,Ansikte
Hud / Apoliva / Argan & Almond,Hud
Ansikte / Apoliva / Apoliva Sensitive,Ansikte
Hud / Apoliva / Passion & Nature,Hud
Hår / Hårvård / Hårinpackning,Hår
Ansikte / Apoliva / Apoliva Hydration,Ansikte
Fotvård / Våra fotvårdspaket,Hår
Hår / Hårstyling / Värmeskydd för håret,Hår
Ansikte / Apoliva / Apoliva Cleansing,Ansikte
Hud / Apoliva,Hud
Hår / Hårstyling / Torrschampo,Hår
Hår / Hårstyling / Hårgel & vax,Hår
Speciellt för / Tonåring / Mens,Hår
Hud / Apoliva / Intim,Hud
Hår / Hårstyling / Hårmousse,Hår
Ansikte / Ansiktsvård / Tillbehör ansiktsvård,Ansikte
Hår / Hårstyling / Hårborstar,Hår
"Fotvård / Förhårdnader, liktornar & sprickor",Hår
Fotvård / Fotfilar & fotbad,Hår
Ansikte / Ansiktsvård / Ansiktsmasker,Ansikte
Hälsa & levnadsvanor / Hem & Spa / Till ansiktet,Ansikte
Smink & smycken / Smink & makeup / Makeupborstar,Smink & Makeup
Speciellt för / Ekologiskt,Ansikte
Intim / Mens / Tamponger,Mage & Tarm
Handvård / Manikyr & naglar,Hår
Handvård / Handsprit,Hår
Hår / Hårvårdspaket,Hår
Apotekets jul / Adventskalender,Ansikte
Smink & smycken / Smink & makeup / Läppar,Smink & Makeup
Åksjuketabletter & Illamående,Mage & Tarm
Erbjudanden / Nyheter / Djur,Djur
Djur / Katt / Stress & oro hos katt,Djur
Djur / Hund / Stress & oro hos hund,Djur
Djur / Hund / Hud & pälsvård för hund,Djur
Djur / Katt / Hud & pälsvård för katt,Djur
Djur / Katt / Mage & tarm hos katt,Djur
Djur / Hund / Mage & tarm hos hund,Djur
Djur / Katt,Djur
Djur / Hund,Djur
Djur / Häst,Djur
Ansikte / Hudbesvär,Ansikte
Ansikte / Ansiktsvård för män / Skägg och rakning,Ansikte
Sol / Solskydd / Sololja,Solskydd
Förkylning & feber / Förkylning hos barn / Halsont,Förkylning
Baby & barn / Förkylning & feber / Halsont,Förkylning
Erbjudanden / Nyheter / Baby & barn,Hud
Kosttillskott & vitaminer / Övrigt / Mellanmål och gott,Djur
Hälsa & levnadsvanor / Träning / Sportnutrition,Träning & Vikt
Erbjudanden / Nyheter / Kosttillskott & näring,Vitaminer & Kosttillskott
Baby & barn / Mat & kosttillskott,Vitaminer & Kosttillskott
Mage / Magsjuka & diarré / Diarré hos barn,Mage & Tarm
Baby & barn / Mage / Diarré,Mage & Tarm
Speciellt för / Krasslig / Irriterad hud,Hud
Baby & barn / Amning / Såriga bröstvårtor,Hår
Hälsa & levnadsvanor / Matvanor,Ögon & Öron
Kosttillskott & vitaminer / Kosttillskott för alla tillfällen,Vitaminer & Kosttillskott
Kosttillskott & vitaminer / Kosttillskott för alla tillfällen / Vätskeersättning,Vitaminer & Kosttillskott
Kosttillskott & vitaminer / Vitaminer & mineraler / E-vitamin,Mun & Tänder
Sol,Hjälpmedel & Tillbehör
Hår / Hårvård / Hårolja & serum,Hår
"Sömn, stress & oro / Insomningsbesvär",Ögon & Öron
"Erbjudanden / Webbunikt sortiment / Sömn, stress & oro",Hud
Kosttillskott & vitaminer / Kosttillskott för alla tillfällen / Vegan,Vitaminer & Kosttillskott
Kosttillskott & vitaminer / Kosttillskott för alla tillfällen / Gurkmeja,Vitaminer & Kosttillskott
Erbjudanden / Webbunikt sortiment / Handvård,Hår
Blandprotein,Barn & Förälder
Kosttillskott & vitaminer / Kosttillskott för alla tillfällen / Man,Vitaminer & Kosttillskott
Sex & lust / Kosttillskott,Sex & Lust
Kosttillskott & vitaminer / Kosttillskott för alla tillfällen / Lust,Vitaminer & Kosttillskott
Mage / Vinterkräksjuka,Mage & Tarm
Kosttillskott & vitaminer / Vitaminer & mineraler / K-vitamin,Vitaminer & Kosttillskott
Hälsa & levnadsvanor / Hem & Spa / Till hemmet,Ögon & Öron
Ögon & öron / Örhängen,Ögon & Öron
Erbjudanden / Webbunikt sortiment / Ögon & öron,Ögon & Öron
Erbjudanden / Nyheter / Ögon & öron,Ögon & Öron
Hud / Kroppsvård / Badborstar & tillbehör,Hud
Förkylning & feber / Feber / Febertermometrar,Förkylning
Hjälpmedel & säkerhet / Blodtrycksmätare,Hjälpmedel & Tillbehör
Erbjudanden / Webbunikt sortiment / Hjälpmedel & säkerhet,Hjälpmedel & Tillbehör
Hjälpmedel & säkerhet,Hjälpmedel & Tillbehör
Mun & tänder / Tandblekning,Mun & Tänder
Erbjudanden / Webbunikt sortiment / Mun & tänder,Mun & Tänder
Mun & tänder / Munskölj,Mun & Tänder
Intim / Underlivsbesvär / Svamp i underlivet,Hud
Intim / Underlivsbesvär / Urinvägsinfektion,Hud
Handvård / Självsprickor,Hår
Speciellt för / Tonåring / För fötterna,Hår
"Sår, bett & stick / Skavsår","Sår, bett och stick"
Fotvård / Skavsår,Hår
"Sår, bett & stick / Sår & förband","Sår, bett och stick"
Gravid / Bli gravid / Ägglossningstest,Hud
Intim / Ägglossningstest,Hud
Specialsortiment / Självtester / Graviditet & fertilitet / Ägglossningstest,Händer & Fötter
"Erbjudanden / Webbunikt sortiment / Intim, underliv & sex",Hud
Ögon & öron / Linser & linstillbehör / Endagslinser,Ögon & Öron
Ögon & öron / Linser & linstillbehör / Månadslinser,Ögon & Öron
Mun & tänder / Ilningar i tänderna,Mun & Tänder
Mun & tänder / Förebygga karies,Mun & Tänder
Erbjudanden / Nyheter / Mun & tänder,Mun & Tänder
Mun & tänder / Munsår,Mun & Tänder
Fotvård / Hallux valgus,Hår
Smink / Smink & makeup / Makeupborstar,Smink & Makeup
Intim / Intimhygien / Intimdeodorant,Intimvård
Intim / Klimakteriet / Självtester klimakteriet,Ansikte
Specialsortiment / Självtester / Svamp i underlivet,Hud
"Erbjudanden / Nyheter / Intim, underliv & sex",Hud
Baby & barn / Nappar & nappflaskor,Mage & Tarm
Sex & lust / Kondomer,Sex & Lust
Specialsortiment / Självtester / Klamydiatester,Ansikte
Intim / Underlivsbesvär / Klamydiatester,Hud
Hälsa & levnadsvanor / Träning / Träningsredskap & tillbehör,Träning & Vikt
Intim / Underlivsbesvär / Irritation & klåda,Hud
Specialsortiment / Självtester / Laktosintolerans,Hud
Allergi / Matöverkänslighet / Glutenintolerans,Sex & Lust
Specialsortiment / Självtester / Glutenintolerans,Ansikte
Erbjudanden / Webbunikt sortiment / Allergi,Hud
Erbjudanden / Webbunikt sortiment / Fotvård,Hud
Hälsa & levnadsvanor,Ögon & Öron
Fotvård / Nagelsvamp,Hår
Handvård / Nagelsvamp,Hår
Intim / Mens / Menskopp,Intimvård
Mun & tänder / Mellanrumsrengöring / Tandtråd & tandtrådsbyglar,Mun & Tänder
Mun & tänder / Mellanrumsrengöring / Mellanrumsborstar,Mun & Tänder
Mun & tänder / Tandprotes,Mun & Tänder
Mun & tänder / Muntorrhet,Mun & Tänder
Kosttillskott & vitaminer / Kosttillskott för alla tillfällen / Ashwaganda,Vitaminer & Kosttillskott
Kosttillskott & vitaminer / Vitaminer & mineraler / Kalcium,Vitaminer & Kosttillskott
Kosttillskott & vitaminer / Kosttillskott för alla tillfällen / Klimakteriet,Vitaminer & Kosttillskott
Intim / Klimakteriet / Kosttillskott klimakteriet,Vitaminer & Kosttillskott
Kosttillskott & vitaminer / Vitaminer & mineraler / Selen,Vitaminer & Kosttillskott
Intim / Intimhygien,Intimvård
Intim / Mens,Intimvård
Intim / Klimakteriet / Urinbesvär klimakteriet,Ansikte
Intim / Urinläckage & inkontinens,Intimvård
Sex & lust / Sexleksaker,Sex & Lust
Mun & tänder / Dålig andedräkt,Mun & Tänder
Mun & tänder / Tandköttsinflammation,Mun & Tänder
Mun & tänder / Tuggummi,Mun & Tänder
Hjälpmedel & säkerhet / Vid diabetes,Hjälpmedel & Tillbehör
Sol / Sveda och soleksem,Förkylning
Baby & barn / Mat & kosttillskott / Kosttillägg,Vitaminer & Kosttillskott
Baby & barn / Blöjor & tvättlappar,Mage & Tarm
"Hjälpmedel & säkerhet / Gå, stå & säker ute",Hjälpmedel & Tillbehör
Hjälpmedel & säkerhet / Hantera & dosera medicin,Hjälpmedel & Tillbehör
Kosttillskott & vitaminer / Kosttillskott för alla tillfällen / Nyponpulver & rörlighet,Vitaminer & Kosttillskott
"Sömn, stress & oro / Stress",Ögon & Öron
Hälsa & levnadsvanor / Träning,Ögon & Öron
Kosttillskott & vitaminer / Vitaminer & mineraler / Folsyra,Mun & Tänder
Gravid / Bli gravid,Hår
Kosttillskott & vitaminer / Kosttillskott för alla tillfällen / Synförmåga,Vitaminer & Kosttillskott
Kosttillskott & vitaminer / Kosttillskott för alla tillfällen / Vegetarian,Vitaminer & Kosttillskott
Mun & tänder / Tandborstar / Eltandborstar,Mun & Tänder
Mun & tänder / Mellanrumsrengöring / Tandpetare,Mun & Tänder
Mun & tänder / Blåsor & sår i munnen,Mun & Tänder
Mun & tänder / Tandborstar / Tandborsthuvuden,Mun & Tänder
Sol / Solglasögon,Förkylning
Ögon & öron / Glasögon & solglasögon,Ögon & Öron
Sol / Solskydd för barn / Övriga solskydd för barn,Solskydd
Baby & barn / Sårvård,Hår
"Erbjudanden / Webbunikt sortiment / Sår, bett & stick","Sår, bett och stick"
Hår / Hårbesvär / Huvudlöss,Hår
Baby & barn / Hud & hår / Huvudlöss,Hud
Fotvård / Iläggssulor & hälsporre,Hår
Kosttillskott & vitaminer / Vitaminer & mineraler,Smink & Makeup
Kosttillskott & vitaminer / Kosttillskott för alla tillfällen / Matsmältning,Vitaminer & Kosttillskott
Kosttillskott & vitaminer / Vitaminer & mineraler / Krom,Vitaminer & Kosttillskott
Kosttillskott & vitaminer / Kosttillskott för alla tillfällen / Tranbär,Vitaminer & Kosttillskott
Kosttillskott & vitaminer / Vitaminer & mineraler / A-vitamin,Mun & Tänder
Intim / Mens / PMS & PMDS,Intimvård
Smink / Smink & makeup / Nagellack,Smink & Makeup
"Erbjudanden / Nyheter / Sår, bett & stick","Sår, bett och stick"
Baby & barn / Hud & hår / Hudbesvär,Hud
Hår / Hårvård,Hår
Hjälpmedel & säkerhet / Stödstrumpor,Hjälpmedel & Tillbehör
Gravid / Svullna ben,Ansikte
Hjälpmedel & säkerhet / Hygien & påklädnad,Hjälpmedel & Tillbehör
Baby & barn / Resa med barn,Mage & Tarm
Hälsa & levnadsvanor / Rent hemma / Städ & rengöring,Hem & Städprodukter
Baby & barn / Mat & kosttillskott / Äta & dricka,Mat & Dryck
Baby & barn / Amning,Mage & Tarm
Baby & barn / Amning / Mjölkstockning,Hud
Gravid,Allergimedicin
Hud / Kroppsvård,Hud
Djur / Hund / Avmaskning för hund,Djur
Djur / Katt / Avmaskning för katt,Djur
Speciellt för / Tonåring / Vitaminer & mineraler,Hår
Kosttillskott & vitaminer / Kosttillskott för alla tillfällen / Tonåring,Vitaminer & Kosttillskott
Hälsa & levnadsvanor / Viktminskning,Ögon & Öron
"Sår, bett & stick / Fästingbett","Sår, bett och stick"
Specialsortiment / Självtester / Graviditet & fertilitet,Händer & Fötter
Hälsa & levnadsvanor / Sluta röka,Sluta röka
Gravid / Halsbränna,Barn & Förälder
Kosttillskott & vitaminer / Övrigt / Näringsdryck och specialkost,Mage & Tarm
Förkylning & feber,Förkylning
Allergi / Pollenallergi,Allergimedicin
Speciellt för / Tonåring / Fritid,Hår
Fotvård / Nageltrång,Hår
Gravid / Illamående,Barn & Förälder
Mage / Illamående & åksjuka,Mage & Tarm
Hälsa & levnadsvanor / Rent hemma / Textil- & klädvård,Hår
"Sömn, stress & oro / Snarkning",Hud
"Sömn, stress & oro / Tandgnissling",Hud
Mun & tänder / Tandgnissling,Mun & Tänder
Djur / Hund / Reflex till hund,Djur
"Hjälpmedel & säkerhet / Kök, greppa & nå",Hjälpmedel & Tillbehör
Sol / Solskydd för barn / UV-dräkt,Solskydd
Gosedjur & leksaker,Djur
Pottor & Pottstolar,Hår
Toalettsitsar barn,Ansikte
Resetillbehör,Hjälpmedel & Tillbehör
Nackkudde,Hud
Ögon & öron hos barn,Ögon & Öron
Veganskt schampo,Ansikte
Schampo för tunt och fint hår,Hår
Vegansk,Ansikte
Nordisk,Hjälpmedel & Tillbehör
Veganska julklappar,Ansikte
Julklappar under 100 kronor,Hud
Apolosophy Active+,Ansikte
Hyaluronsyra serum,Ansikte
Vegansk hudvård,Hud
Apolosophy Face,Ansikte
Glycerin,Förkylning
Extra mild formula,Djur
Apolosophy smink,Hud
Påsk hemma,Hud
Mors dag-presenter,Hud
C-vitamin serum,Vitaminer & Kosttillskott
Rodnad i ansiktet,Ansikte
Squalane,Ansikte
Pigmenteringar,Hud
Mogen hy,Dermatologisk Hudvård
Ansiktskräm - dagkräm,Ansikte
Ansiktskräm - nattkräm,Ansikte
Julklappar till flickvän,Ansikte
Intim / Prostatabesvär,Intimvård
Rosa Bandet 2023,Ansikte
Niacinamid,Ansikte
BUS för ansikte och kropp,Ansikte
Apolosophy Pro-Age Rosé,Ansikte
Julklappar till mamma,Djur
Normal hy,Djur
Micellärt vatten,Ansikte
Påsar & ringar under ögonen,Hud
Kräm- & gelmask,Hud
PHA-syra,Hår
Rynkor & linjer,Barn & Förälder
BHA-syra,Hår
AHA-syra,Hår
Intim / Våra intimpaket,Djur
Anti age,Djur
I påskägget,Hud
Sminkborttagning ansikte,Ansikte
Vegansk mascara,Ansikte
Exfoliering & peeling för ansikte,Ansikte
Peel off-mask,Hud
Peptider,Djur
Apolosophy ansiktsvård,Ansikte
Sminkborttagningsservetter,Hud
Pormaskar,Ansikte
Kajal,Sluta röka
Fotfil & fotbad,Mat & Dryck
Apolosophy fotvård,Hår
Sminkborttagning ögon,Hud
Nagellack & remover,Mage & Tarm
Miljöförpackad,Ansikte
Apolosophy Pro-Age Silver,Ansikte
Sminkförvaring,Hud
Necessärer & väskor,Feber & Värk
Pedikyr,Hår
Apolosophy Sensitive,Ansikte
Brun utan sol ansikte,Ansikte
Stärkande nagellack,Ansikte
Mun & tänder / Tandborstar,Mun & Tänder
Vattenfast mascara,Intimvård
Torr hy,Mage & Tarm
Känslig hy,Hud
Makeup-paletter & sminkset,Hud
Ögonskuggspalett,Ansikte
Apolosophy kroppsvård,Hår
Apolosophy body care,Ansikte
Återfuktande ansiktskräm,Ansikte
Borstar & penslar för basmakeup,Ansikte
Foundationborstar,Hud
Jul på Hjärtat,Djur
Presentbox hudvård,Hud
Julklappstips,Djur
Peeling & skrubb,Ögon & Öron
Skrubbhandskar,Ansikte
Bubbelbad & badsalt,Barn & Förälder
Badskum,Djur
Hårsnoddar & tofsar,Hår
Borstar för ögonskugga,Hud
Beauty Blenders & sminksvampar,Hud
Blandhy,Förkylning
Sminkborstar & sminksvampar,Hud
Badborstar & badsvampar,Ögon & Öron
Concealerborstar,Elektronik
Hår / Hårbesvär / Håravfall,Hår
Hårspännen,Hår
Ansiktshandduk,Ansikte
Flytande foundation,Hud
Täckande foundation,Hud
Apolosophy,Dermatologisk Hudvård
Läppbalsam med färg,Barn & Förälder
Deodorant & antiperspirant,Mun & Tänder
Aco deodorant,Förkylning
Deodorant & antiperspirant för män,Ögon & Öron
Torra läppar,Hår
Presentboxar,Hår
Kliande och torr hårbotten,Hår
ACO schampo,Förkylning
Oparfymerat schampo,Ansikte
Schampo för torrt hår,Hår
Mjällschampo,Hår
Återfuktande schampo,Hud
Speciellt för / Klimakteriet,Förkylning
Finnar,Dermatologisk Hudvård
Presentbox man,Sluta röka
ACO hudkräm,Hud
Schampo & balsam,Hår
Fet hy,Mun & Tänder
Panthenol,Ansikte
Hyaluronsyra,Djur
Aco duscholja,Förkylning
Badolja och duschtvål för barn,Hud
Hudkräm för barn,Hud
Volymschampo,Förkylning
Sulfatfritt schampo,Ansikte
Punktbehandling,"Sår, bett och stick"
Intimkräm,Intimvård
Duschkräm & duschgel för män,Hår
Schampo & balsam för män,Hår
BB-cream,Ansikte
Erbjudanden / Webbunikt sortiment / Djur,Djur
Aluminiumfri deodorant,Intimvård
Eksem,Ansikte
Solprodukter för ansiktet,Ansikte
Läppbalsam spf,Dermatologisk Hudvård
Solskydd läppar,Solskydd
Facemist,Ansikte
Veganskt smink,Hud
Djur / Häst / Eksem & utslag hos häst,Djur
Solskyddsfaktor,Solskydd
Solkräm ansikte,Ansikte
Handeksem,Ansikte
Torr hud hos barn,Hud
Baby & barn / Förkylning & feber,Förkylning
Förkylning & feber / Förkylning hos barn,Förkylning
Rakgel & aftershave för intimrakning,Hud
Solprodukter för kroppen,Djur
Solkräm kropp,Förkylning
Irriterad hud,Hud
Under graviditeten,Hud
Bristningar gravid,Träning & Vikt
Solprodukter för barn,Hem & Städprodukter
Salicylsyra kräm,Djur
Babyrumpor & röda stjärtar,Djur
Kosttillskott för hår,Hår
hud & naglar,Hud
Kosttillskott för kvinnor,Hud
Omega 3,Dermatologisk Hudvård
Vitaminer & mineraler,Vitaminer & Kosttillskott
Kosttillskott för energi,Vitaminer & Kosttillskott
Nötter & torkad frukt,Feber & Värk
Müsli,Hud
flingor & gryn,Ögon & Öron
Drycker & shakes,Feber & Värk
Olja,Förkylning
Förebygga & lindra förkylning,Förkylning
Koksaltlösning & smörjande,Hud
Nässpray & näsdroppar,Mat & Dryck
Ögondroppar för torra ögon,Ögon & Öron
Sminktillbehör & verktyg,Feber & Värk
Pincetter & ögonbrynsverktyg,Ögon & Öron
Manikyr,Ansikte
Saxar,Hår
Nagelfil,Ansikte
Nagelsax för barn,Hår
Kosttillskott & vitaminer för barn,Mun & Tänder
D-vitaminer för barn,Vitaminer & Kosttillskott
Multivitaminer för barn,Hår
"Müsli, flingor & gryn",Ögon & Öron
Välvald,Förkylning
Antiinflammatoriska läkemedel,Ansikte
Ont i nacken,Ansikte
Muskelvärk & träningsvärk,Träning & Vikt
Bihåleinflammation,Hår
Värk & feber hos barn,Feber & Värk
Förkylning hos bebis,Förkylning
Magsjuka & diarré,Mat & Dryck
Nässpray mot rinnsnuva,Hud
Nässpray vid pälsdjursallergi & kvalsterallergi,Djur
Snuva & rinnande näsa,Ögon & Öron
Acetylsalicylsyra,Hud
Omeprazol,Förkylning
Hostmedicin för barn,Barn & Förälder
Hosta & Halsont hos barn,Sex & Lust
Allergitabletter mot pälsdjursallergi & kvalsterallergi,Djur
Allergitabletter mot pollenallergi,Allergimedicin
Diklofenak,Ansikte
Smärtstillande salva & gel,Ansikte
Migränmedicin,Allergimedicin
Sumatriptan,Hår
Naproxen,Hud
Ögondroppar vid pälsdjursallergi & kvalsterallergi,Djur
Professionellt ansiktsserum,Ansikte
Lyxiga julklappar,Djur
Professionell ansiktskräm,Ansikte
Professionell ögonvård,Professionell Skönhet
Alla hjärtans dag,Djur
Professionell läppvård,Hud
Professionell ansiktsrengöring,Ansikte
Sprickor & klåda i ändtarmen,Mage & Tarm
Schampo för barn,Hår
Barn & föräldrar,Barn & Förälder
Läppbalsam barn,Djur
Torra läppar hos barn,Hår
Balsam för barn,Hår
Tandkräm för barn,Djur
Handvård & fotvård för barn,Hår
Balsamspray för barn,Hår
Balsamspray,Dermatologisk Hudvård
Tandborstar för barn & bebis,Barn & Förälder
Viktminskning,Hud
"Vattenflaskor, shakers & termos",Mage & Tarm
Alvedon för barn,Ögon & Öron
Ekologisk,Dermatologisk Hudvård
Ekologisk hudvård,Hud
Kollagenkräm,Ansikte
Ardell lösögonfransar,Ögon & Öron
Ögonbrynsskugga,Ögon & Öron
egenvard,Allergimedicin
French Pharmacy,Hår
Travel size - hudvård,Hud
Vegansk deodorant,Ansikte
Solkräm,Solskydd
bett-och-stick,"Sår, bett och stick"
Bandmask hund,Djur
Spolmask hund,Hud
Avmaskning för hund,Hud
Avmaskning för katt,Hud
Baby shower,Vitaminer & Kosttillskott
Swaddles,Ansikte
Barnvagnskrokar & Barnvagnsringar,Hud
Blöjhink,Hud
Lilla Hjärtat,Djur
Miljömärkt,Hjälpmedel & Tillbehör
Antigentest,Ansikte
Förebygga smittspridning,Ansikte
Självtest för pågående Covid-19,Förkylning
Hjärtats vitaminer,Ansikte
Täppt i näsan,Hud
Förkylning & näsa,Förkylning
Örontermometer,Intimvård
Braun febertermometer,Händer & Fötter
Barnängen duschkräm,Hår
Ansiktsbehandling för män,Ansikte
Kosttillskott & vitaminer,Mun & Tänder
Wella schampo,Hår
Schampo för fett hår,Hår
Fet hårbotten,Hår
Hårkammar,Hår
Ögon & öronproblem hos hund,Ögon & Öron
Rädsla & oro hos katt,Mat & Dryck
Rädsla & oro hos hund,Hud
Kattfoder & fodertillskott,Mat & Dryck
Hundfoder & fodertillskott,Mat & Dryck
Mun & tandproblem hos hund,Mun & Tänder
Tandsten hund,Ansikte
Magproblem hos katt,Förkylning
Magproblem hos hund,Hud
Diarré katt,Djur
Diarré hund,Hud
Ögon & öronproblem hos katt,Ögon & Öron
Sårvård för katt,Hår
Sårvård för hund,Hud
Katt,Vitaminer & Kosttillskott
Hund,Dermatologisk Hudvård
Hudvård för hund,Hud
Hudvård för katt,Hud
Hundschampo & hundbalsam,Hud
Pälsvård för hund,Hud
Kattschampo & kattbalsam,Mun & Tänder
Pälsvård för katt,Hår
Mun & tandproblem hos katt,Mun & Tänder
Axe deodorant,Djur
Spraydeo,Ansikte
Dålig andedräkt hund,Hud
Hästfoder & fodertillskott,Mat & Dryck
Handsprit,Ansikte
Hårserum,Hår
feber-och-vark,Ansikte
Hårgel,Hår
Leave-in balsam,Ansikte
Värmeskydd för håret,Hår
Travel size - hårvård,Hår
Hårkurer,Hår
Färgbomb,Allergimedicin
Silverinpackning,Hud
husapotek,Hud
mage-och-tarm,Intimvård
Ekologiska julklappar,Dermatologisk Hudvård
Nallar och mjukisdjur,Djur
Diinglisar,Hud
sar,Barn & Förälder
Armpuffar,Ansikte
Simglasögon för barn,Ögon & Öron
Strandtillbehör,Djur
Träningstillbehör,Hår
Träning & motion,Träning & Vikt
Julklappar till barn,Djur
Öronproppar att sova med,Ansikte
Andningsskydd,Solskydd
Ansiktsroller & massage,Ansikte
Skönhetsverktyg,Hud
Hårband & hårsjal,Hår
Bindor utan vingar,"Sår, bett och stick"
ogon-och-oron,Förkylning
Onanileksaker för män,Djur
Sexleksaker för män,Ansikte
Sårvård för häst,Hår
Barnmat & välling,Djur
Veganska livsmedel,Ansikte
Lock för örat,Ögon & Öron
Förstoppning & diarré,Träning & Vikt
Förstoppning & hård mage,Hår
Övriga självtester,Ansikte
Vårdhjälpmedel & tester,Hjälpmedel & Tillbehör
Vatten i örat,Ansikte
Handvårtor,Hår
Fotvårtor,Hår
Vårtor hos barn,Hår
Covid-19 salivtest,Ansikte
Ögonbrynssax,Ögon & Öron
Ögonprimer,Djur
Contouring,Djur
Contouring palett,Ansikte
Klimakteriet & PMS,Ansikte
Kosttillskott vid klimakteriet,Ansikte
Kosttillskott för veganer & vegetarianer,Händer & Fötter
skonhet-kroppsvard,Hud
Yoga & mindfulness,Mage & Tarm
Hemtextilier & klädvård,Hår
Fästingmedel & fästinghalsband för katt,Hud
Fästingmedel & fästinghalsband för hund,Hud
Rethosta,"Sår, bett och stick"
Fars dag,Ansikte
Julklappar till pojkvän,Djur
Julklappar till pappa,Djur
Skäggolja & mustaschvax,Sex & Lust
Stylingprodukter för män,Hem & Städprodukter
Skäggbalsam,Hud
Rakhyvlar herr,Hår
Burt's bees lip balm,Ögon & Öron
Body butter,Hem & Städprodukter
fotter,Händer & Fötter
hander,Händer & Fötter
smink,Smink & Makeup
solskydd-och-solkram,Solskydd
kost-halsa,Vitaminer & Kosttillskott
halsa-och-livsstil,Förkylning
kosttillskott-och-vitaminer,Mage & Tarm
sluta-roka,Sluta röka
somn-stress-och-oro,Ansikte
mun-och-tander,Djur
dalig-andedrakt,Ansikte
mot-ilningar,Djur
tandborstar-och-eltandborstar,Ansikte
Loppor & löss hos katt,Sex & Lust
Loppor & löss hund,Hud
tandprotes-och-bettskena,Hud
vitare-tander,Djur
barn-och-foralder,Djur
amning-och-matning,Djur
barnsakra-hem,Ansikte
forkylning-hos-barn,Förkylning
forsta-tiden-med-bebis,Hud
god-somn,Förkylning
hudvard-barn,Hud
hudvard-mamma,Hud
horselskydd,Solskydd
mammaklader,Djur
nappar-och-bitringar,Hud
tandvard-for-barn,Djur
Värmeborste & varmluftsborste,Mage & Tarm
BaByliss varmluftsborste,Djur
Choklad & godis,Barn & Förälder
Sminkborstar set,Hud
Sportnutrition,Djur
Hudvänliga smycken,Hud
Löwengrip torrschampo,Hår
Esska nappar,Djur
Blåsor i munnen och på tungan,"Sår, bett och stick"
Avkoppling,Förkylning
Stress & oro,Mat & Dryck
Rakblad Gillette,Djur
tvatt-och-rengoring-barn,Hår
Sköta din baby,Hud
Bad & dusch för barn,Mat & Dryck
Rx,Djur
Kosttillskott för pigment & sol,Ögon & Öron
vitaminer-for-barn,Vitaminer & Kosttillskott
Isadora foundation,Hud
Bröd & kex,Feber & Värk
Pottor Babybjörn,Djur
Boots ansiktsvård,Ansikte
vark-och-feber-hos-barn,Ansikte
Travel size - dusch & hygien,Sex & Lust
Barntallrik & barnbestick,Djur
Mavala nagellack,Ansikte
Kosttillskott för män,Vitaminer & Kosttillskott
Hemmaspa,Hem & Städprodukter
Solskadad hud,Hud
Hälsa & livsstil,Sex & Lust
bindor-och-forband-for-djur,Djur
foder-och-tillskott,Mat & Dryck
fastingar-loppor-och-loss,Hud
Badlakan & Handdukar för barn & bebis,Barn & Förälder
Badrockar & Morgonrockar för barn & bebis,Ögon & Öron
Bibs nappar,Hud
Hårolja utan silikon,Hår
Efter förlossningen,Hud
Barnrum & sova,Barn & Förälder
Amning & matning,Mun & Tänder
Välbefinnande & meditation,Händer & Fötter
godis-och-tuggben,Mat & Dryck
Amning,Hem & Städprodukter
Isadora mascara,Ansikte
Hundleksaker,Hud
Skavsår & fotblåsor,Hår
Bärselar för nyfödda,Hår
Ergobaby bärsele,Allergimedicin
Broddar,Hår
munvard-for-djur,Djur
Julklappar till hund & katt,Hud
Dove duschkräm,Hår
Eyeliner,Allergimedicin
Björn Axén hårspray,Hår
Sminkborstar Real Techniques,Hud
Värmefiltar & vetekuddar,Hud
Philips Avent nappar,Barn & Förälder
Urinläckage & inkontinens,Mage & Tarm
pals-och-hudvard,Hud
Tandborsthuvuden,Hud
Oral-B eltandborstar barn,Djur
Hem & hushåll,Hud
Hemrengöring & tvätt,Träning & Vikt
Dove deodorant,Djur
Ilningar i tänderna,Mun & Tänder
Nioxin schampo,Hud
radsla-och-oro,Förkylning
Tillbehör nappflaskor,Hår
Hårklämmor,Hår
Silikonfritt schampo,Elektronik
Äta & dricka själv,Mat & Dryck
Napp nyfödd,Mat & Dryck
sarvard,Hår
Ekologiskt schampo,Dermatologisk Hudvård
Avmaskning valp,Hud
Matt läppstift,Hud
fler-kategorier,Ansikte
hem-och-hushall,Hud
Hårstyling,Hår
Ida Warg torrschampo,Hår
För barnvagnen,Ansikte
Fluorskölj för barn,Djur
Friluftsliv,Hud
Dragleksak hund,Hud
Ekologiskt smink,Hud
CC-cream,Ansikte
För bilresan,"Sår, bett och stick"
Hundhalsband,Hud
Libero blöjor,Djur
Blöjor för nyfödda,Ögon & Öron
Ampuller,Allergimedicin
Gellack,Professionell Skönhet
Rakning,Hud
Skydd & ledstöd,Solskydd
BaByliss hårfön,Hår
Lusschampo för barn,Hår
Nästrimmer,Mage & Tarm
Sexleksaker & Vuxenleksaker för kvinnor,Hud
G-punktvibrator,Hår
Klitorisvibrator,Hud
Skötväskor & förvaring,Förkylning
Eucerin hudkräm,Hud
Skorv hos barn,Hud
Babybjörn bärsele,Barn & Förälder
Rättvisemärkt,Vitaminer & Kosttillskott
Sweed mascara,Ansikte
Solkläder för barn,Solskydd
Solhattar för barn,Förkylning
Nattlampa,Djur
BaByliss locktång,Hud
Schampo för färgat hår,Hår
Ida Warg schampo,Hår
Bärsjalar för nyfödda,Hår
Ergobaby bärsjalar,Hår
Nicotinell tuggummi,Förkylning
Smart watch & pulsband,Barn & Förälder
Handskar,Händer & Fötter
Färgade linser,Ansikte
UV-dräkt för barn,Djur
Diadem,Elektronik
Wella hårspray,Hår
OGX schampo,Hår
Nikotintabletter,Ansikte
Body mist,Förkylning
Intimbesvär,Intimvård
Mam nappflaskor,Ansikte
Pipmuggar & dricksflaskor,Mat & Dryck
Skäggtrimmers,Hud
resa,Hjälpmedel & Tillbehör
sex-och-lust,Förkylning
Hjärtats sol,Förkylning
Ögonbrynskniv,Hud
Munvård & tandvård hos barn,Hår
Reflexer,Dermatologisk Hudvård
Schampo för lockigt hår,Hår
Mam nappar,Djur
Max Factor mascara,Ansikte
Potträningsbyxor,Träning & Vikt
Rakapparat herr,Hår
Rakapparater,Ansikte
Rakapparat Remington,Hud
Nivea hudkräm,Hud
Krustång,Hud
stod-och-hjalpmedel,Mat & Dryck
Rakhyvlar dam,Hår
Rakhyvlar Venus,Hår
Hundtäcken,Hud
Sängkläder för barn,Händer & Fötter
Påslakan för barn,Barn & Förälder
Rakapparat dam,Hår
Retinoidkräm,Djur
Julklappar till den hälsointresserade,Ansikte
Geishakulor & knipkulor,Smink & Makeup
Maria Åkerberg bodylotion,Djur
Kattleksaker,Ansikte
Nicorette fruktmint,Solskydd
"Inhalator, spray & portionspåse",Ögon & Öron
Tandgnissling,Hud
Remington värmeborste,Hud
Isadora eyeliner,Ögon & Öron
Vattenfast eyeliner,Ansikte
Pampers blöjor,Ansikte
Gua Sha & Jade Rollers,Mage & Tarm
Medela bröstpump,Hjälpmedel & Tillbehör
Nicorette tuggummi,Solskydd
GA.MA plattång,Djur
Idun concealer,Ansikte
tester-och-provtagning,Djur
Hand,Händer & Fötter
Libresse bindor,Djur
Isadora puder,Hud
Max Factor läppstift,Ansikte
Hårborttagningskräm Veet,Hår
Nappflaskor i glas,Ansikte
Endagslinser,Hud
Tuggleksak hund,Hud
Tuggleksak valp,Djur
Mensskydd,Solskydd
Remington plattång,Hud
Skosulor,Djur
Ansiktsborste,Ansikte
Reseförpackning tandkräm & munvård,Hud
Badblöjor och badbyxor för barn,Djur
Handdukar & duschmössor,Händer & Fötter
Puderfoundation,Hud
Puréer & barnsnacks,Mage & Tarm
Flaskvärmare,Ansikte
Tuggben för hund,Hud
Liniment,Intimvård
Vichy deodorant,Djur
Reflexer & reflexvästar för barn,Feber & Värk
Remington hårfön,Hår
Hårfärg för män,Hår
Schwarzkopf hårfärg,Hår
Rakhyvlar BIC,Hår
Baby Startbox,Hår
Hundgodis,Hud
Ekologisk deodorant,Dermatologisk Hudvård
Schampokaka,Djur
Hårvaxning,Hår
Löwengrip schampo,Hår
Rakblad Venus,Förkylning
Veet vax,Feber & Värk
"Kattborste, kam & karda",Mage & Tarm
"Hundborste, kam & karda",Hud
Always bindor,Djur
Lumene mascara,Ansikte
Vällingmaskin,Hud
Hundkoppel,Hud
Bomullspinnar,Hud
"Sårvård, bett & stick","Sår, bett och stick"
Isadora rouge,Djur
Hårhandduk,Hår
Barnängen schampo,Hår
Bomullsvantar,Djur
Maria Åkerberg schampo,Djur
Sportstrumpor,Sluta röka
Svamp i ljumsken,Hud
Epilator,Dermatologisk Hudvård
Underkläder,Hud
Valphalsband,Djur
Rengöring för sminkborstar,Hud
Julgodis,Dermatologisk Hudvård
Presentbox skönhet,Hud
BaByliss hårtrimmer,Hår
Babblarna,Djur
Barnpallar,Djur
Muntermometer,Mun & Tänder
Personvåg,Sluta röka
Ida Warg hårinpackning,Hår
Panodil för barn,Djur
"Senap, saffran & julkryddor",Solskydd
Julbak & julsmaker,Smink & Makeup
Doft & Parfym,Mat & Dryck
Idun mascara,Intimvård
Rakborstar & raktvål,Sluta röka
Sömn & sömnproblem,Ögon & Öron
Revlon värmeborste,Ansikte
Panntermometer,Ansikte
Lumene foundation,Hud
Roterande varmluftsborste,Mage & Tarm
Eucerin duscholja,Ansikte
Herbal Essences schampo,Hår
Sårtvätt & Rengöring,Hår
Nappflaska nyfödd,Ansikte
Hårolja för torrt hår,Hår
Värmespolar & papiljotter,Händer & Fötter
Tygkassar & flergångskassar,Barn & Förälder
Portionspåsar,Hud
Tygbindor,Djur
Hårsax,Hår
Remington locktång,Sluta röka
Barnmössor & vantar,Mage & Tarm
Shakers,Förkylning
Pälsdjurs- och kvalsterallergi,Djur
Nässug & nässkölj,Hud
IBS (känslig tarm),Ansikte
Getingstick,Ansikte
Medela amnings-bh,Hjälpmedel & Tillbehör
Nivea deodorant,Ansikte
Björn Axén torrschampo,Djur
Neno bröstpump,Sex & Lust
Hundtandkräm,Hud
Nappar & nappflaskor,Ansikte
Daxxin mjällschampo,Hud
Isadora läppstift,Djur
Proffs hårspray,Hår
Glutenintolerans,Ansikte
Batiste torrschampo,Ansikte
Näringsdrycker för barn,Händer & Fötter
Specialkost för barn,Förkylning
Makeuptillbehör,Hjälpmedel & Tillbehör
Hörselhjälpmedel,Hår
Engångsrakhyvlar,Hår
Underlivsbesvär,Hud
Nuk nappar,Hud
Julte,Hem & Städprodukter
Sårvård för barn,Hår
Schwarzkopf schampo,Hår
Philips Avent nappflaskor,Barn & Förälder
Reflexer för hund,Hud
Schwarzkopf Live hårfärg,Hår
Ögondroppar för röda & irriterade ögon,Ögon & Öron
Elvie bröstpump,Elektronik
Rakapparat Braun,Hår
Epilator Braun,Hår
Tandsten hos katt,Ansikte
Rakhyvlar Gillette,Djur
Isadora nagellack,Ansikte
Brännskadeförband,Ansikte
Hemsäkerhet,Professionell Skönhet
Krämrouge,Dermatologisk Hudvård
Kattgräs,Händer & Fötter
Löspuder,Hud
Transparent puder,Hud
Hygien & påklädnad,Hud
Rakapparat Philips,Hår
Duschmössor,Djur
Övriga accessoarer barn & baby,Ansikte
Nicotinell plåster,Förkylning
Hudkräm vid kontaktallergi,Hud
Hydrokortison för barn,Hud
Isadora ögonbrynspenna,Ögon & Öron
Urtekram schampo,Hår
Prostatastimulator,Djur
Blekning,Hem & Städprodukter
Nattbindor,Djur
Pore strips,Hud
Mjölkersättning nyfödd,Elektronik
Dosett & pillerask,Sex & Lust
Fot,Händer & Fötter
Kroppstrimmer,Hud
TRESemmé schampo,Hår
Philips hårtrimmer,Hår
Lumene puder,Hud
IPL hårborttagning,Hår
Hudvård med aktivt kol,Hud
Löss hos barn,Hår
BOBBYS HAIR CARE SWEDEN Schampo,Hår
Katthalsband,Djur
Tofsar & hårspännen för barn,Hår
Håraccessoarer barn,Hår
Rengöring för sexleksaker,Barn & Förälder
Bröstvårtskräm,Hår
Tena Trosskydd,Solskydd
Solskydd ansikte,Ansikte
